Activity Type,Date,Favorite,Title,Distance,Calories,Time,Avg HR,Max HR,Aerobic TE,Avg Run Cadence,Max Run Cadence,Avg Pace,Best Pace,Total Ascent,Total Descent,Avg Stride Length,Avg Vertical Ratio,Avg Vertical Oscillation,Training Stress ScoreÂ®,Grit,Flow,Total Strokes,Dive Time,Min Temp,Surface Interval,Decompression,Best Lap Time,Number of Laps,Max Temp,Moving Time,Elapsed Time,Min Elevation,Max Elevation
Running,2022-04-17 17:16:04,false,"Washington County Running","3.18","356","00:29:01","154","175","3.8","170","184","9:08","7:44","28","35","1.04","0.0","0.0","0.0","0.0","0.0","--","0:00","0.0","0:00","No","01:33.20","4","0.0","00:28:28","00:36:23","184","220"
Walking,2022-04-12 12:39:07,false,"Washington County Walking","2.01","224","00:34:02","103","139","1.5","121","136","16:57","1:33","21","23","0.78","0.0","0.0","0.0","0.0","0.0","--","0:00","0.0","0:00","No","00:15.22","3","0.0","00:34:01","00:34:02","194","217"
Walking,2022-04-11 12:08:54,false,"Washington County Walking","2.01","203","00:36:40","87","110","1.1","119","150","18:17","14:31","17","16","0.74","0.0","0.0","0.0","0.0","0.0","--","0:00","0.0","0:00","No","00:11.02","3","0.0","00:36:25","00:36:40","194","217"
Indoor Rowing,2022-04-01 19:57:15,false,"Indoor Rowing","--","113","00:12:44","122","161","2.0","--","--","--","--","--","--","0.00","0.0","0.0","0.0","0.0","0.0","338","0:00","0.0","0:00","No","12:43.92","1","0.0","00:00:00","00:13:07","--","--"
Running,2022-03-29 17:35:39,false,"Washington County Running","0.77","90","00:07:00.8","161","176","0.0","171","178","9:04","7:39","8","--","1.04","0.0","0.0","0.0","0.0","0.0","--","0:00","0.0","0:00","No","07:00.83","1","0.0","00:06:59","09:52:35","193","206"
Running,2022-03-29 17:06:14,false,"Washington County Running","3.17","267","00:28:22","146","172","3.3","169","184","8:57","6:27","25","37","1.06","0.0","0.0","0.0","0.0","0.0","--","0:00","0.0","0:00","No","03:35.10","3","0.0","00:21:06","00:26:55","184","220"
Running,2022-03-24 16:42:11,false,"Washington County Running","3.16","339","00:27:30","156","176","3.6","169","193","8:41","5:06","30","37","1.10","0.0","0.0","0.0","0.0","0.0","--","0:00","0.0","0:00","No","01:25.62","4","0.0","00:26:55","00:41:48","184","220"
Running,2022-03-12 12:43:18,false,"Washington County Running","3.19","349","00:27:13","156","185","3.8","173","185","8:32","6:41","33","38","1.09","0.0","0.0","0.0","0.0","0.0","--","0:00","0.0","0:00","No","01:35.59","4","0.0","00:26:50","00:36:43","184","220"
Running,2022-03-10 16:32:08,false,"Washington County Running","3.15","338","00:27:19","156","181","3.6","171","186","8:39","6:40","41","40","1.09","0.0","0.0","0.0","0.0","0.0","--","0:00","0.0","0:00","No","01:17.72","4","0.0","00:26:49","00:36:35","184","220"
Walking,2022-03-05 17:56:56,false,"Washington County Walking","0.76","142","00:26:34","105","128","0.7","62","133","34:47","17:58","2","--","0.74","0.0","0.0","0.0","0.0","0.0","--","0:00","0.0","0:00","No","26:33.58","1","0.0","00:16:04","00:26:34","204","210"
Running,2022-03-05 16:15:05,false,"Washington County Running","3.15","364","00:29:10","161","180","3.7","169","184","9:15","7:04","30","31","1.03","0.0","0.0","0.0","0.0","0.0","--","0:00","0.0","0:00","No","01:19.08","4","0.0","00:28:20","00:36:47","184","220"
Walking,2022-02-28 18:13:16,false,"Washington County Walking","0.76","89","00:24:54","73","91","0.3","70","159","32:52","19:25","3","--","0.70","0.0","0.0","0.0","0.0","0.0","--","0:00","0.0","0:00","No","24:53.68","1","0.0","00:17:06","00:24:54","204","210"
Running,2022-02-27 11:51:16,false,"Washington County Running","3.18","366","00:28:06","154","190","4.0","173","188","8:50","7:13","32","31","1.05","0.0","0.0","0.0","0.0","0.0","--","0:00","0.0","0:00","No","01:33.83","4","0.0","00:27:36","00:35:39","184","220"
Running,2022-02-24 16:54:12,false,"Washington County Running","3.18","348","00:27:18","148","164","3.7","173","248","8:35","6:50","20","26","1.09","0.0","0.0","0.0","0.0","0.0","--","0:00","0.0","0:00","No","01:31.62","4","0.0","00:26:56","00:34:21","184","220"
Running,2022-02-20 17:28:56,false,"Washington County Running","3.16","347","00:27:32","143","162","3.7","173","186","8:43","6:45","32","36","1.07","0.0","0.0","0.0","0.0","0.0","--","0:00","0.0","0:00","No","01:20.13","4","0.0","00:27:15","00:34:39","174","220"
Running,2022-02-18 17:19:44,false,"Washington County Running","3.15","345","00:27:20","153","179","3.8","173","192","8:40","7:27","32","37","1.07","0.0","0.0","0.0","0.0","0.0","--","0:00","0.0","0:00","No","01:16.83","4","0.0","00:26:47","00:34:50","184","220"
Running,2022-02-15 16:59:26,false,"Washington County Running","3.15","349","00:28:20","143","160","3.7","172","186","9:00","6:49","30","36","1.04","0.0","0.0","0.0","0.0","0.0","--","0:00","0.0","0:00","No","01:16.19","4","0.0","00:27:35","00:34:17","184","241"
Running,2022-02-13 11:25:03,false,"Washington County Running","3.16","353","00:27:33","153","178","3.9","174","184","8:43","6:52","27","33","1.06","0.0","0.0","0.0","0.0","0.0","--","0:00","0.0","0:00","No","01:18.24","4","0.0","00:26:59","00:34:19","184","220"
Running,2022-01-26 16:32:28,false,"Washington County Running","3.21","351","00:27:04","134","154","3.9","171","184","8:26","1:39","21","21","1.11","0.0","0.0","0.0","0.0","0.0","--","0:00","0.0","0:00","No","01:44.05","4","0.0","00:26:50","00:32:42","184","220"
Walking,2022-01-23 19:48:53,false,"Washington County Walking","2.02","224","00:44:30","87","102","0.9","91","138","22:02","14:14","16","20","0.80","0.0","0.0","0.0","0.0","0.0","--","0:00","0.0","0:00","No","10:51.86","3","0.0","00:36:17","00:44:31","194","217"
Running,2022-01-21 17:32:07,false,"Washington County Running","3.19","354","00:28:12","149","176","3.8","168","186","8:50","6:17","39","39","1.09","0.0","0.0","0.0","0.0","0.0","--","0:00","0.0","0:00","No","01:35.98","4","0.0","00:27:15","00:33:54","184","220"
Walking,2022-01-19 19:32:49,false,"Washington County Walking","1.02","107","00:26:57","87","97","0.3","79","128","26:27","16:37","10","8","0.77","0.0","0.0","0.0","0.0","0.0","--","0:00","0.0","0:00","No","12:57.70","2","0.0","00:23:59","00:26:58","204","217"
Running,2022-01-15 13:17:58,false,"Washington County Running","3.14","332","00:26:50","138","176","3.6","172","186","8:32","6:48","21","26","1.09","0.0","0.0","0.0","0.0","0.0","--","0:00","0.0","0:00","No","01:08.39","4","0.0","00:26:06","00:33:56","184","220"
Running,2022-01-14 16:05:21,false,"Washington County Running","3.15","338","00:26:30","155","179","3.9","170","189","8:25","6:26","39","38","1.12","0.0","0.0","0.0","0.0","0.0","--","0:00","0.0","0:00","No","01:14.68","4","0.0","00:25:54","00:33:27","184","280"
Walking,2022-01-12 18:50:12,false,"Washington County Walking","2.01","234","00:49:08","88","103","0.8","78","136","24:28","15:08","16","19","0.85","0.0","0.0","0.0","0.0","0.0","--","0:00","0.0","0:00","No","00:08.19","3","0.0","00:39:14","00:49:15","193","217"
Running,2022-01-08 16:18:00,false,"Washington County Running","3.17","352","00:26:35","161","180","4.0","172","184","8:23","6:51","33","32","1.11","0.0","0.0","0.0","0.0","0.0","--","0:00","0.0","0:00","No","01:24.61","4","0.0","00:26:14","00:33:36","184","220"
Walking,2022-01-06 21:33:57,false,"Washington County Walking","2.08","250","00:46:44","104","121","1.2","86","147","22:29","15:27","21","20","0.84","0.0","0.0","0.0","0.0","0.0","--","0:00","0.0","0:00","No","05:25.17","3","0.0","00:36:15","00:46:44","194","217"
Walking,2022-01-02 18:45:25,false,"Washington County Walking","2.01","212","00:43:46","94","109","0.8","86","147","21:48","12:33","23","23","0.86","0.0","0.0","0.0","0.0","0.0","--","0:00","0.0","0:00","No","00:28.87","3","0.0","00:32:44","00:52:38","193","217"
Walking,2022-01-01 20:54:41,false,"Washington County Walking","2.02","208","00:43:01","96","108","0.8","92","163","21:16","13:04","15","20","0.82","0.0","0.0","0.0","0.0","0.0","--","0:00","0.0","0:00","No","00:32.79","3","0.0","00:36:10","00:44:22","194","217"
Walking,2021-12-31 19:55:04,false,"Washington County Walking","2.01","247","00:45:37","108","122","1.0","88","155","22:44","15:37","20","20","0.81","0.0","0.0","0.0","0.0","0.0","--","0:00","0.0","0:00","No","00:13.24","3","0.0","00:36:22","00:45:39","193","217"
Running,2021-12-31 15:46:23,false,"Washington County Running","3.18","349","00:26:58","145","165","3.6","175","186","8:29","4:45","27","30","1.08","0.0","0.0","0.0","0.0","0.0","--","0:00","0.0","0:00","No","01:23.61","4","0.0","00:26:41","00:34:26","184","220"
Running,2021-12-30 15:48:38,false,"Washington County Running","3.17","351","00:27:21","144","162","3.8","174","184","8:38","6:51","25","32","1.07","0.0","0.0","0.0","0.0","0.0","--","0:00","0.0","0:00","No","01:25.94","4","0.0","00:27:02","00:34:30","184","220"
Walking,2021-12-28 20:57:40,false,"Washington County Walking","2.01","238","00:46:38","99","114","1.1","89","159","23:15","15:18","23","22","0.79","0.0","0.0","0.0","0.0","0.0","--","0:00","0.0","0:00","No","00:26.54","3","0.0","00:35:45","01:17:47","193","217"
Running,2021-12-28 16:54:31,false,"Washington County Running","3.20","365","00:28:11","155","173","4.0","173","186","8:49","7:29","43","44","1.06","0.0","0.0","0.0","0.0","0.0","--","0:00","0.0","0:00","No","01:43.32","4","0.0","00:27:54","00:34:20","184","221"
Running,2021-12-26 16:11:21,false,"Washington County Running","3.19","353","00:28:43","149","172","3.7","173","184","9:00","7:21","44","43","1.03","0.0","0.0","0.0","0.0","0.0","--","0:00","0.0","0:00","No","01:34.66","4","0.0","00:28:25","00:34:43","184","220"
Running,2021-12-24 13:16:35,false,"Washington County Running","3.15","327","00:26:48","147","178","3.7","172","191","8:31","5:53","37","42","1.10","0.0","0.0","0.0","0.0","0.0","--","0:00","0.0","0:00","No","01:13.24","4","0.0","00:26:22","00:34:45","184","220"
Walking,2021-12-22 19:57:07,false,"Washington County Walking","2.01","223","00:40:02","103","118","1.2","100","140","19:57","12:40","18","22","0.81","0.0","0.0","0.0","0.0","0.0","--","0:00","0.0","0:00","No","00:15.46","3","0.0","00:35:41","00:40:02","193","217"
Running,2021-12-21 16:32:52,false,"Washington County Running","3.14","334","00:27:02","150","180","3.8","172","185","8:36","6:53","21","31","1.09","0.0","0.0","0.0","0.0","0.0","--","0:00","0.0","0:00","No","01:10.14","4","0.0","00:26:24","00:34:37","184","220"
Walking,2021-12-14 17:37:31,false,"Washington County Walking","2.01","237","00:45:45","97","110","1.0","83","136","22:46","14:22","16","16","0.85","0.0","0.0","0.0","0.0","0.0","--","0:00","0.0","0:00","No","00:13.67","3","0.0","00:35:32","00:45:45","193","217"
Running,2021-12-14 16:33:54,false,"Washington County Running","3.19","356","00:27:09","147","184","4.0","170","189","8:31","5:54","34","41","1.11","0.0","0.0","0.0","0.0","0.0","--","0:00","0.0","0:00","No","01:35.61","4","0.0","00:26:39","00:33:28","157","220"
Walking,2021-12-13 12:41:47,false,"Washington County Walking","1.01","132","00:24:05","102","115","0.7","83","139","23:47","2:29","10","10","0.82","0.0","0.0","0.0","0.0","0.0","--","0:00","0.0","0:00","No","00:27.50","2","0.0","00:17:51","00:24:05","204","217"
Walking,2021-12-12 18:39:10,false,"Washington County Walking","2.01","229","00:45:43","94","108","1.0","81","155","22:45","14:36","19","22","0.88","0.0","0.0","0.0","0.0","0.0","--","0:00","0.0","0:00","No","00:31.89","3","0.0","00:35:00","00:45:43","193","217"
Walking,2021-12-11 18:32:09,false,"Washington County Walking","2.01","215","00:43:18","93","111","0.9","85","157","21:33","14:06","20","23","0.89","0.0","0.0","0.0","0.0","0.0","--","0:00","0.0","0:00","No","00:47.17","3","0.0","00:33:59","00:43:18","194","217"
Running,2021-12-09 16:47:27,false,"Washington County Running","3.16","329","00:27:02","143","173","3.4","168","184","8:33","7:01","35","37","1.12","0.0","0.0","0.0","0.0","0.0","--","0:00","0.0","0:00","No","01:19.51","4","0.0","00:26:13","00:37:31","184","220"
Walking,2021-12-07 16:15:55,false,"Washington County Walking","2.03","208","00:46:55","86","110","0.5","90","136","23:10","15:08","18","21","0.77","0.0","0.0","0.0","0.0","0.0","--","0:00","0.0","0:00","No","00:35.87","3","0.0","00:38:51","00:47:43","193","217"
Walking,2021-12-05 14:28:16,false,"Washington County Walking","1.07","117","00:39:25","63","94","0.2","61","224","36:57","16:31","11","12","0.78","0.0","0.0","0.0","0.0","0.0","--","0:00","0.0","0:00","No","09:46.56","2","0.0","00:23:39","00:39:25","204","217"
Walking,2021-12-04 17:24:23,false,"Washington County Walking","2.01","249","00:47:08","103","127","1.0","80","189","23:28","14:49","16","20","0.86","0.0","0.0","0.0","0.0","0.0","--","0:00","0.0","0:00","No","00:20.36","3","0.0","00:34:03","00:47:08","194","217"
Walking,2021-12-03 20:53:11,false,"Washington County Walking","2.01","237","00:41:40","100","117","1.2","89","155","20:45","12:23","18","23","0.87","0.0","0.0","0.0","0.0","0.0","--","0:00","0.0","0:00","No","00:15.02","3","0.0","00:34:10","00:41:49","193","217"
Running,2021-12-03 18:01:54,false,"Washington County Running","3.13","338","00:27:00","137","164","3.7","171","184","8:37","7:13","121","121","1.09","0.0","0.0","0.0","0.0","0.0","--","0:00","0.0","0:00","No","01:02.54","4","0.0","00:26:23","00:35:00","184","287"
Walking,2021-11-28 17:32:44,false,"Washington County Walking","2.00","220","00:41:51","97","126","1.0","91","133","20:58","15:08","16","21","0.85","0.0","0.0","0.0","0.0","0.0","--","0:00","0.0","0:00","No","20:01.41","2","0.0","00:34:53","00:41:51","194","217"
Walking,2021-11-28 09:44:24,false,"Washington County Walking","2.04","235","00:52:00","88","102","0.6","80","137","25:30","15:32","20","20","0.80","0.0","0.0","0.0","0.0","0.0","--","0:00","0.0","0:00","No","07:49.26","3","0.0","00:38:15","00:52:01","193","217"
Walking,2021-11-27 15:38:39,false,"Washington County Walking","2.00","260","00:49:54","90","112","0.5","69","229","24:55","18:12","23","23","0.71","0.0","0.0","0.0","0.0","0.0","--","0:00","0.0","0:00","No","00:03.80","3","0.0","00:45:29","01:12:57","193","217"
Running,2021-11-26 17:40:38,false,"Washington County Running","3.03","332","00:26:07","144","174","3.8","170","196","8:38","7:06","33","29","1.10","0.0","0.0","0.0","0.0","0.0","--","0:00","0.0","0:00","No","00:13.26","4","0.0","00:25:02","00:36:35","184","266"
Running,2021-11-25 12:04:04,false,"Washington County Running","3.32","372","00:29:34","157","183","4.1","173","186","8:54","6:02","56","301","1.04","0.0","0.0","0.0","0.0","0.0","--","0:00","0.0","0:00","No","02:50.93","4","0.0","00:28:45","00:37:08","194","441"
Running,2021-11-22 16:22:53,false,"Washington County Running","3.14","342","00:26:49","157","186","3.8","168","184","8:33","6:22","30","37","1.12","0.0","0.0","0.0","0.0","0.0","--","0:00","0.0","0:00","No","01:01.89","4","0.0","00:26:00","00:36:35","184","220"
Walking,2021-11-21 18:47:08,false,"Washington County Walking","2.00","214","00:39:28","103","115","1.0","97","142","19:45","14:31","10","15","0.84","0.0","0.0","0.0","0.0","0.0","--","0:00","0.0","0:00","No","19:31.01","2","0.0","00:33:59","00:39:51","194","217"
Running,2021-11-19 16:13:20,false,"Washington County Running","3.14","337","00:26:51","155","184","4.1","168","184","8:34","6:57","36","39","1.12","0.0","0.0","0.0","0.0","0.0","--","0:00","0.0","0:00","No","01:05.70","4","0.0","00:25:57","00:37:09","184","220"
Walking,2021-11-16 18:17:42,false,"Washington County Walking","3.16","335","00:28:17","144","172","3.4","170","184","8:57","7:50","23","33","1.06","0.0","0.0","0.0","0.0","0.0","--","0:00","0.0","0:00","No","01:25.60","4","0.0","00:27:30","00:35:42","184","220"
Walking,2021-11-14 19:48:30,false,"Washington County Walking","2.07","245","00:43:11","108","124","1.2","90","135","20:51","13:22","21","21","0.86","0.0","0.0","0.0","0.0","0.0","--","0:00","0.0","0:00","No","01:53.14","3","0.0","00:35:58","00:43:11","194","217"
Running,2021-11-14 10:56:52,false,"Washington County Running","3.09","337","00:27:04","155","190","3.9","170","184","8:46","7:16","24","28","1.08","0.0","0.0","0.0","0.0","0.0","--","0:00","0.0","0:00","No","00:48.58","4","0.0","00:26:37","00:39:44","184","220"
Walking,2021-11-13 20:24:41,false,"Washington County Walking","2.13","253","00:53:30","96","117","1.0","82","163","25:04","17:58","29","29","0.78","0.0","0.0","0.0","0.0","0.0","--","0:00","0.0","0:00","No","03:30.98","3","0.0","00:42:30","00:53:30","193","217"
Running,2021-11-05 16:13:46,false,"Washington County Running","3.15","341","00:28:12","152","180","3.7","170","184","8:57","7:01","35","41","1.06","0.0","0.0","0.0","0.0","0.0","--","0:00","0.0","0:00","No","01:19.55","4","0.0","00:26:54","00:40:32","184","220"
Indoor Rowing,2021-10-27 16:46:08,false,"Indoor Rowing","--","224","00:23:10","134","170","2.9","--","--","--","--","--","--","0.00","0.0","0.0","0.0","0.0","0.0","735","0:00","0.0","0:00","No","23:09.99","1","0.0","00:00:00","00:34:52","--","--"
Indoor Rowing,2021-10-26 16:54:34,false,"Indoor Rowing","--","118","00:14:07","120","159","2.1","--","--","--","--","--","--","0.00","0.0","0.0","0.0","0.0","0.0","486","0:00","0.0","0:00","No","14:06.99","1","0.0","00:00:00","00:21:01","--","--"
Running,2021-10-19 16:42:17,false,"Washington County Running","2.00","248","00:19:28","141","183","3.6","128","184","9:44","1:26","39","29","1.40","0.0","0.0","0.0","0.0","0.0","--","0:00","0.0","0:00","No","00:16.100","5","0.0","00:20:43","00:33:18","184","226"
Running,2021-10-19 16:28:07,false,"Washington County Running","1.04","108","00:09:22.0","140","174","2.4","163","180","9:02","8:02","10","11","1.10","0.0","0.0","0.0","0.0","0.0","--","0:00","0.0","0:00","No","00:19.13","2","0.0","00:08:54.1","00:10:57","206","220"
Walking,2021-10-17 18:17:31,false,"Washington County Walking","2.16","247","00:49:42","101","121","1.1","81","247","22:59","13:15","20","20","0.87","0.0","0.0","0.0","0.0","0.0","--","0:00","0.0","0:00","No","03:53.43","3","0.0","00:40:51","00:55:19","193","217"
Walking,2021-10-13 17:51:08,false,"Washington County Walking","1.00","103","00:26:15","68","92","0.3","95","179","26:12","22:07","10","9","0.65","0.0","0.0","0.0","0.0","0.0","--","0:00","0.0","0:00","No","00:04.13","2","0.0","00:24:05","00:26:15","205","217"
Walking,2021-10-12 17:45:36,false,"Washington County Walking","1.10","246","00:35:00","80","120","0.4","37","218","31:55","20:41","10","9","0.60","0.0","0.0","0.0","0.0","0.0","--","0:00","0.0","0:00","No","25:56.01","2","0.0","00:23:19","01:13:00","204","217"
Walking,2021-10-12 09:20:47,false,"Washington County Walking","0.60","63","00:15:00","69","91","0.2","99","128","24:52","19:18","7","7","0.65","0.0","0.0","0.0","0.0","0.0","--","0:00","0.0","0:00","No","14:59.88","1","0.0","00:14:10","00:15:00","203","217"
Walking,2021-10-11 15:49:40,false,"Washington County Walking","2.19","280","00:56:57","105","121","1.1","76","133","26:02","16:55","24","23","0.82","0.0","0.0","0.0","0.0","0.0","--","0:00","0.0","0:00","No","06:16.10","3","0.0","00:44:51","00:57:15","194","217"
Walking,2021-10-09 18:56:05,false,"Washington County Walking","1.15","291","00:36:12","73","104","0.3","25","210","31:28","21:27","10","9","1.89","0.0","0.0","0.0","0.0","0.0","--","0:00","0.0","0:00","No","25:42.94","2","0.0","00:25:18","01:44:13","204","217"
Walking,2021-10-09 09:57:16,false,"Washington County Walking","2.03","232","00:56:57","79","101","0.3","73","133","28:02","19:42","19","19","0.80","0.0","0.0","0.0","0.0","0.0","--","0:00","0.0","0:00","No","01:30.41","3","0.0","00:47:02","00:56:57","193","217"
Walking,2021-10-08 17:42:17,false,"Washington County Walking","2.11","243","00:58:21","89","112","0.6","70","233","27:36","8:46","20","20","0.84","0.0","0.0","0.0","0.0","0.0","--","0:00","0.0","0:00","No","02:34.70","3","0.0","00:44:34","00:58:21","194","217"
Walking,2021-10-06 12:09:54,false,"Washington County Walking","0.54","65","00:16:43","73","96","0.2","67","133","30:54","19:25","7","7","0.78","0.0","0.0","0.0","0.0","0.0","--","0:00","0.0","0:00","No","16:42.67","1","0.0","00:11:30","00:17:36","206","217"
Walking,2021-10-05 19:12:38,false,"Washington County Walking","2.02","220","00:43:51","93","111","0.9","78","250","21:40","11:50","21","21","0.95","0.0","0.0","0.0","0.0","0.0","--","0:00","0.0","0:00","No","00:28.45","3","0.0","00:35:53","00:43:51","193","217"
Walking,2021-10-04 19:47:20,false,"Washington County Walking","1.00","123","00:27:36","90","122","0.5","64","203","27:36","17:06","10","7","0.91","0.0","0.0","0.0","0.0","0.0","--","0:00","0.0","0:00","No","00:02.48","2","0.0","00:18:08","00:27:36","204","217"
Walking,2021-10-04 09:08:27,false,"Washington County Walking","1.04","98","00:29:59","71","88","0.2","53","137","28:47","16:14","13","13","1.07","0.0","0.0","0.0","0.0","0.0","--","0:00","0.0","0:00","No","01:13.82","2","0.0","00:19:46","00:29:59","203","213"
Walking,2021-10-02 19:48:44,false,"Washington County Walking","1.03","148","00:37:39","85","115","0.3","50","168","36:30","9:55","10","8","1.00","0.0","0.0","0.0","0.0","0.0","--","0:00","0.0","0:00","No","10:03.20","2","0.0","00:20:08","00:37:39","204","217"
Walking,2021-10-02 17:36:57,false,"Washington County Walking","1.09","118","00:29:20","87","109","0.3","74","147","26:51","19:10","8","13","0.81","0.0","0.0","0.0","0.0","0.0","--","0:00","0.0","0:00","No","02:41.12","2","0.0","00:25:08","00:29:26","200","217"
Walking,2021-10-01 18:40:38,false,"Washington County Walking","1.04","142","00:34:10","86","103","0.4","54","234","32:52","15:58","16","13","0.91","0.0","0.0","0.0","0.0","0.0","--","0:00","0.0","0:00","No","02:48.38","2","0.0","00:20:23","01:00:39","204","217"
Walking,2021-10-01 16:31:41,false,"Washington County Walking","1.01","132","00:34:53","81","104","0.3","43","147","34:29","17:01","12","12","1.08","0.0","0.0","0.0","0.0","0.0","--","0:00","0.0","0:00","No","00:59.62","2","0.0","00:20:16","00:34:53","204","217"
Walking,2021-10-01 09:51:15,false,"Washington County Walking","0.51","65","00:16:00","71","90","0.3","66","122","31:36","16:43","5","7","0.77","0.0","0.0","0.0","0.0","0.0","--","0:00","0.0","0:00","No","15:59.90","1","0.0","00:10:45","00:16:00","206","213"
Walking,2021-09-30 20:03:26,false,"Washington County Walking","1.03","120","00:25:53","92","111","0.4","70","245","25:10","15:12","10","8","0.92","0.0","0.0","0.0","0.0","0.0","--","0:00","0.0","0:00","No","01:36.16","2","0.0","00:19:57","00:25:53","204","217"
Walking,2021-09-30 17:43:46,false,"Washington County Walking","1.78","215","00:56:55","80","107","0.3","60","220","31:58","10:32","23","23","0.84","0.0","0.0","0.0","0.0","0.0","--","0:00","0.0","0:00","No","23:54.41","2","0.0","00:41:18","00:56:55","194","217"
Running,2021-09-29 17:14:16,false,"Washington County Running","3.15","341","00:28:48","151","175","3.4","168","230","9:09","7:54","36","41","1.05","0.0","0.0","0.0","0.0","0.0","--","0:00","0.0","0:00","No","01:17.82","4","0.0","00:27:58","00:43:33","184","220"
Walking,2021-09-29 10:33:39,false,"Washington County Walking","0.93","255","00:28:28","68","100","0.2","17","155","30:45","20:15","15","14","0.74","0.0","0.0","0.0","0.0","0.0","--","0:00","0.0","0:00","No","01:56:27.53","1","0.0","00:20:30","01:56:28","200","217"
Walking,2021-09-27 20:02:10,false,"Washington County Walking","1.06","139","00:27:40","98","126","0.7","70","147","26:02","15:18","6","--","0.87","0.0","0.0","0.0","0.0","0.0","--","0:00","0.0","0:00","No","03:15.87","2","0.0","00:19:08","00:27:40","203","217"
Walking,2021-09-25 21:01:54,false,"Washington County Walking","1.02","158","00:28:38","104","119","0.8","--","--","28:02","14:54","10","10","0.00","0.0","0.0","0.0","0.0","0.0","--","0:00","0.0","0:00","No","00:49.27","2","0.0","00:13:27","00:28:38","204","217"
Walking,2021-09-25 08:53:40,false,"Washington County Walking","1.56","177","00:47:57","79","107","0.3","65","155","30:48","19:42","16","17","0.81","0.0","0.0","0.0","0.0","0.0","--","0:00","0.0","0:00","No","17:25.70","2","0.0","00:32:52","00:47:58","204","217"
Running,2021-09-23 16:22:18,false,"Washington County Running","3.01","346","00:27:08","162","182","3.8","167","183","9:00","7:16","36","39","1.07","0.0","0.0","0.0","0.0","0.0","--","0:00","0.0","0:00","No","00:06.34","4","0.0","00:26:07","00:40:20","184","220"
Walking,2021-09-22 19:40:42,false,"Washington County Walking","1.04","144","00:26:03","101","113","0.7","74","142","25:02","15:48","7","6","0.85","0.0","0.0","0.0","0.0","0.0","--","0:00","0.0","0:00","No","02:59.38","2","0.0","00:18:28","00:27:03","204","217"
Walking,2021-09-22 17:27:40,false,"Washington County Walking","1.50","161","00:40:14","83","100","0.3","73","215","26:53","19:25","21","21","0.82","0.0","0.0","0.0","0.0","0.0","--","0:00","0.0","0:00","No","12:58.27","2","0.0","00:34:58","00:40:14","194","217"
Walking,2021-09-19 17:39:34,false,"Washington County Walking","1.01","118","00:27:41","87","115","0.4","60","173","27:32","13:22","10","10","0.98","0.0","0.0","0.0","0.0","0.0","--","0:00","0.0","0:00","No","00:05.63","2","0.0","00:00:00","00:27:41","204","217"
Running,2021-09-18 16:06:29,false,"Washington County Running","3.03","342","00:28:15","158","177","3.4","169","182","9:20","8:17","10","17","1.02","0.0","0.0","0.0","0.0","0.0","--","0:00","0.0","0:00","No","00:14.46","4","0.0","00:00:00","00:41:25","184","220"
Walking,2021-09-17 17:15:23,false,"Washington County Walking","1.27","168","00:41:50","92","118","0.3","46","159","32:55","17:38","20","20","1.07","0.0","0.0","0.0","0.0","0.0","--","0:00","0.0","0:00","No","09:36.72","2","0.0","00:00:00","00:41:50","194","217"
Walking,2021-09-17 10:11:21,false,"Washington County Walking","0.34","52","00:15:21","79","99","0.1","30","132","45:00","14:36","--","--","1.20","0.0","0.0","0.0","0.0","0.0","--","0:00","0.0","0:00","No","15:20.68","1","0.0","00:00:00","00:15:21","203","207"
Walking,2021-09-14 21:34:25,false,"Washington County Walking","0.52","105","00:20:34","101","122","0.4","53","248","39:41","13:45","--","--","0.76","0.0","0.0","0.0","0.0","0.0","--","0:00","0.0","0:00","No","20:34.14","1","0.0","00:00:00","00:20:46","203","208"
Walking,2021-09-14 19:32:47,false,"Washington County Walking","0.86","105","00:22:10","94","118","0.4","75","226","25:52","13:00","2","--","0.83","0.0","0.0","0.0","0.0","0.0","--","0:00","0.0","0:00","No","22:10.10","1","0.0","00:00:00","00:22:10","204","213"
Walking,2021-09-14 17:10:40,false,"Washington County Walking","0.91","132","00:28:44","81","96","0.2","56","155","31:35","6:55","20","20","0.83","0.0","0.0","0.0","0.0","0.0","--","0:00","0.0","0:00","No","00:02.78","2","0.0","00:00:00","00:44:32","194","213"
Walking,2021-09-13 19:49:47,false,"Washington County Walking","1.03","132","00:23:30","100","150","0.8","80","178","22:52","7:14","10","9","0.88","0.0","0.0","0.0","0.0","0.0","--","0:00","0.0","0:00","No","00:27.40","2","0.0","00:00:00","00:24:00","203","217"
Walking,2021-09-13 17:36:26,false,"Washington County Walking","1.20","198","00:32:43","77","117","0.3","36","147","27:16","1:43","31","20","3.32","0.0","0.0","0.0","0.0","0.0","--","0:00","0.0","0:00","No","00:02.84","3","0.0","00:00:00","01:01:43","193","233"
Walking,2021-09-12 19:56:55,false,"Washington County Walking","1.19","125","00:24:39","90","108","0.4","98","133","20:40","15:22","16","16","0.80","0.0","0.0","0.0","0.0","0.0","--","0:00","0.0","0:00","No","03:49.75","2","0.0","00:00:00","00:24:39","197","217"
Walking,2021-09-12 17:34:27,false,"Washington County Walking","1.18","137","00:32:26","87","108","0.3","70","133","27:29","19:33","20","20","0.83","0.0","0.0","0.0","0.0","0.0","--","0:00","0.0","0:00","No","05:49.82","2","0.0","00:00:00","00:32:29","194","217"
Walking,2021-09-12 08:17:44,false,"Washington County Walking","1.35","136","00:32:59","71","93","0.2","83","129","24:28","16:55","19","19","0.79","0.0","0.0","0.0","0.0","0.0","--","0:00","0.0","0:00","No","09:03.07","2","0.0","00:00:00","00:34:40","193","207"
Walking,2021-09-11 18:48:24,false,"Washington County Walking","1.25","210","00:30:00","116","131","1.2","69","151","24:05","14:14","22","23","0.93","0.0","0.0","0.0","0.0","0.0","--","0:00","0.0","0:00","No","06:52.62","2","0.0","00:00:00","00:31:00","194","217"
Running,2021-09-11 16:53:36,false,"Washington County Running","3.07","343","00:27:27","158","186","3.6","168","217","8:57","6:32","30","35","1.07","0.0","0.0","0.0","0.0","0.0","--","0:00","0.0","0:00","No","00:30.84","4","0.0","00:00:00","00:41:08","184","220"
Walking,2021-09-11 08:45:48,false,"Washington County Walking","1.34","201","00:41:30","82","125","0.4","51","184","30:57","15:42","22","22","0.80","0.0","0.0","0.0","0.0","0.0","--","0:00","0.0","0:00","No","19:05.30","2","0.0","00:00:00","00:53:30","196","213"
Walking,2021-09-10 20:21:58,false,"Washington County Walking","0.60","114","00:16:31","94","110","0.4","48","226","27:32","11:50","6","7","0.86","0.0","0.0","0.0","0.0","0.0","--","0:00","0.0","0:00","No","23:58.12","1","0.0","00:00:00","00:23:58","200","210"
Walking,2021-09-10 10:58:55,false,"Washington County Walking","1.26","175","00:33:36","105","126","0.9","77","133","26:40","17:25","20","20","0.79","0.0","0.0","0.0","0.0","0.0","--","0:00","0.0","0:00","No","07:49.16","2","0.0","00:00:00","00:33:36","194","217"
Running,2021-09-09 16:56:59,false,"Washington County Running","3.02","336","00:27:25","154","180","3.9","165","185","9:05","5:42","22","26","1.08","0.0","0.0","0.0","0.0","0.0","--","0:00","0.0","0:00","No","00:07.70","4","0.0","00:00:00","00:41:14","184","220"
Running,2021-09-08 17:49:38,false,"Washington County Running","0.89","106","00:27:17","82","94","0.3","53","133","30:35","17:01","11","9","0.99","0.0","0.0","0.0","0.0","0.0","--","0:00","0.0","0:00","No","27:16.60","1","0.0","00:00:00","00:27:17","194","207"
Walking,2021-09-07 20:04:32,false,"Washington County Walking","1.22","172","00:37:30","98","129","0.6","63","137","30:41","17:44","21","21","0.83","0.0","0.0","0.0","0.0","0.0","--","0:00","0.0","0:00","No","12:12.53","2","0.0","00:00:00","00:37:30","194","217"
Walking,2021-09-07 17:39:46,false,"Washington County Walking","0.55","79","00:16:50","91","104","0.3","51","132","30:31","14:45","9","9","1.04","0.0","0.0","0.0","0.0","0.0","--","0:00","0.0","0:00","No","16:49.60","1","0.0","00:00:00","00:16:50","205","217"
Walking,2021-09-06 19:39:36,false,"Washington County Walking","0.84","132","00:15:00","122","176","2.4","92","210","17:58","8:23","13","13","0.97","0.0","0.0","0.0","0.0","0.0","--","0:00","0.0","0:00","No","15:00.21","1","0.0","00:00:00","00:15:00","194","207"
Walking,2021-09-06 17:30:33,false,"Washington County Walking","1.31","166","00:36:58","99","118","0.4","74","147","28:09","18:40","21","20","0.78","0.0","0.0","0.0","0.0","0.0","--","0:00","0.0","0:00","No","10:07.69","2","0.0","00:00:00","00:36:58","193","217"
Walking,2021-09-06 11:09:24,false,"Washington County Walking","1.25","141","00:38:01","78","90","0.3","65","173","30:25","18:25","20","21","0.82","0.0","0.0","0.0","0.0","0.0","--","0:00","0.0","0:00","No","07:52.66","2","0.0","00:00:00","00:38:01","193","217"
Running,2021-09-05 16:03:06,false,"Washington County Running","3.09","384","00:27:38","159","180","3.9","154","182","8:56","6:35","39","39","1.08","0.0","0.0","0.0","0.0","0.0","--","0:00","0.0","0:00","No","02:32.89","4","0.0","00:00:00","00:44:32","184","220"
